handle,channel_id
썰맛바,UCBowxA5dJO867PaZa7t1dZA
썰사우나,UCExZYa2WgNRWhyDSQ5XYXgA
잠깐냥이,UCmZt6g4IWaOeL1KWWc8TAxg
썰레몬,UC8VoYoAf8tttsvL1pYCS5Tg
썰공룡,UCf-lbaCujwZpUBtdSQ5feNA
썰숭이,UCQmWKgFEYzxvTn4NJDyuhxg
사연읽는방,UCADm2ff51IP5Uq2nN2Ql9Gg
직장사이다,UC40fnc7ZyoEQOVIK84EIxLg
웃기린,UCUissT9A7j9gitsomTZrBCA
썰라면,UCwqmiPn2OVmRZ7Djy3BsgnA
핫이글,UCBZmJcxK9bT_YmZrtn7eW6A
썰레니,UC8Av0SrzM308N1zrBQZzeWA
썰마켓,UC_aT1gAmiBTb-j_ELCHjW3A
썰방출,UCoiMFtxIgmW_ra4bVxAxBqw
썰텐더,UCg4iHylqkutDmZkZcSdg52g
오인격,UCaFk8ThchQSdpZ08ukV42yA
썰플리,UCDoduVpgDXp-ESKc8R8ktsA
썰도시락,UCzRxfrxQUNJf9dBZ6wtTTLw
썰이슈,UCM2Yq8WahiS5roPZXS9O0ng
썰둘기,UCYbnn-Taszeq1QkGYB6pLdw
썰우주,UCl195KGJmZRArG8K524ZIzg
푸드톡,UCznst9dqmCKasrZkns6zlWA
재밌쇼,UCTg_voCcrAaZzXTR0IaWgXQ
한입썰,UCvVw8jt547TD1NFYPOk72BQ
꿀잼클릭,UCqXRI8f7BQb7xZTwL6003aA
강석주,UC3-9Ul8LOKJzQMdo1nFb_sQ
만렙백수,UCn8tvVLoVaPP4MjDwMff5MA
짤잉 Zzal ing,UCMilw9TMHP-zAoWBiuYZvug
시끌벅적,UCDCI63Z0Hs-Ybd4Qr8kTRGg
명란젓,UC2JixqNNRh1i8mjLml6EeIA
통찰맨,UCJAT8Xr2bIbZkGSJ6UGLcSw
40초 갤러리,UCGenE81iZykGh4QN-w1mRyQ
간단,UCiI4bx4HbpmmN5LN3qFoaOA
콩자반,UCyf4q13Nz0XhsjZ0RO7zAPw
썰댕이,UCn64Tpkpi6UHaAk54mUimtA
라이트핸드,UCiSopG1lIs_2AVyYnozduGA
김카프카,UCMtg7Np88ZN5TcUXsdbZmaw
